Karpaka Vinayakar Temple Pillayarpatti.txt,http://www.templenet.com/Tamilnadu/karppill.html,,
Vatapi Ganapati.txt,http://www.templenet.com/Tamilnadu/vatapi.html,,
Koyil (Chidambaram) Natarajar -Ambalavaanar Temple  - Shivastalam.txt,http://www.templenet.com/Tamilnadu/s122.html,,
Tiruvetkalam Pasupateswarar -. Temple  - Shivastalam.txt,http://www.templenet.com/Tamilnadu/s268.html,,
Tirunelvayil Shikhapureeswarar -Uchinathar Temple  - Shivastalam.txt,http://www.templenet.com/Tamilnadu/s176.html,,
Tirunallurpperumanam Shivalokatyagar -. Temple  - Shivastalam.txt,http://www.templenet.com/Tamilnadu/s159.html,,
Mahendrapalli Somasundareswarar -Tirumeniazhagar Temple  - Shivastalam.txt,http://www.templenet.com/Tamilnadu/s226.html,,
Ten Tirumullaivayil . -Mullaivananathar Temple  - Shivastalam.txt,http://www.templenet.com/Tamilnadu/s240.html,,
Kalikkaamoor Sundareswarar -. Temple  - Shivastalam.txt,http://www.templenet.com/Tamilnadu/s078.html,,
Tiruchaaikaadu Chaayavaneswarar -. Temple  - Shivastalam.txt,http://www.templenet.com/Tamilnadu/s130.html,,
Pallavaneeswaram Pallavaneswarar -. Temple  - Shivastalam.txt,http://www.templenet.com/Tamilnadu/s087.html,,
Tiruvenkadu Swetaranyeswarar -Venkadar Temple  - Shivastalam.txt,http://www.templenet.com/Tamilnadu/s263.html,,
Keezhaittirukkattuppalli Aranya Sundareswarar -. Temple  - Shivastalam.txt,http://www.templenet.com/Tamilnadu/s085.html,,
Tirukkurukaavur Ratnangureswarar -Velladaiyappar Temple  - Shivastalam.txt,http://www.templenet.com/Tamilnadu/s103.html,,
Sirkali Bhramapureeswarar -Thoniappar Temple  - Shivastalam.txt,http://www.templenet.com/Tamilnadu/s088.html,,
Tirukkolakka Shabdapureesar -. Temple  - Shivastalam.txt,http://www.templenet.com/Tamilnadu/s123.html,,
Pullirukkuvelur Vaidyanathar -. Temple  - Shivastalam.txt,http://www.templenet.com/Tamilnadu/s207.html,,
Kannaar Kovil Sahasranetreswarar -Kannayireswarar Temple  - Shivastalam.txt,http://www.templenet.com/Tamilnadu/s069.html,,
Tirukkadaimudi . -Kadaimudinathar Temple  - Shivastalam.txt,http://www.templenet.com/Tamilnadu/s067.html,,
Tiruninriyur Parikeswarar -Mahalakshmeesar Temple  - Shivastalam.txt,http://www.templenet.com/Tamilnadu/s170.html,,
Tiruppunkur Sivalokanathar -. Temple  - Shivastalam.txt,http://www.templenet.com/Tamilnadu/s211.html,,
Tiruneedur Somanathar -Arulsomanathar Temple  - Shivastalam.txt,http://www.templenet.com/Tamilnadu/s171.html,,
Anniyur Aabatsakayeswarar -. Temple  - Shivastalam.txt,http://www.templenet.com/Tamilnadu/s017.html,,
Tiruvelvikudi Kalyanasundareswarar -. Temple  - Shivastalam.txt,http://www.templenet.com/Tamilnadu/s271.html,,
Edirkolpaadi Airavateswarar -. Temple  - Shivastalam.txt,http://www.templenet.com/Tamilnadu/s046.html,,
Tirumanancheri Kalyanasundareswarar -Arul Vallal Temple  - Shivastalam.txt,http://www.templenet.com/Tamilnadu/s222.html,,
Tirukkurukkai Veeratteswarar -. Temple  - Shivastalam.txt,http://www.templenet.com/Tamilnadu/s104.html,,
Karuppariyalur Aparadha Kshameswarar -Kutram Porutta Natheswarar Temple  -,,,
Shivastalam.txt,http://www.templenet.com/Tamilnadu/s074.html,,
Tiruvaalkoliputrur . -Manikka Vannar Temple  - Shivastalam.txt,http://www.templenet.com/Tamilnadu/s253.html,,
Tirumannippadikkarai Neelakantar -. Temple  - Shivastalam.txt,http://www.templenet.com/Tamilnadu/s223.html,,
Kurakkukka Kuntaleswarar -. Temple  - Shivastalam.txt,http://www.templenet.com/Tamilnadu/s099.html,,
Omampuliyur Pranavapureeswarar -Tuyartheerthanathar Temple  - Shivastalam.txt,http://www.templenet.com/Tamilnadu/s054.html,,
Tirukkaanaattumulloor Patanjali Nathar -. Temple  - Shivastalam.txt,http://www.templenet.com/Tamilnadu/s092.html,,
Tirunaarayur Soundareswarar -. Temple  - Shivastalam.txt,http://www.templenet.com/Tamilnadu/s167.html,,
Kadambur Amritaghateswarar -. Temple  - Shivastalam.txt,http://www.templenet.com/Tamilnadu/s062.html,,
Pandanainallur Pasupateeswarar -. Temple  - Shivastalam.txt,http://www.templenet.com/Tamilnadu/s181.html,,
Kanjanoor Agneeswarar -. Temple  - Shivastalam.txt,http://www.templenet.com/Tamilnadu/s060.html,,
Tirukkodikka Trikoteeswarar -Kotikka Eswarar Temple  - Shivastalam.txt,http://www.templenet.com/Tamilnadu/s118.html,,
Tirumangalakkudi Prananatheswarar -. Temple  - Shivastalam.txt,http://www.templenet.com/Tamilnadu/s221.html,,
Tiruppanantaal Arunajateswarar -Senchadaiyappar Temple  - Shivastalam.txt,http://www.templenet.com/Tamilnadu/s193.html,,
Tiruvaappaadi Ksheerapurinathar -Paalugandeeswarar Temple  - Shivastalam.txt,http://www.templenet.com/Tamilnadu/s021.html,,
Tirucheignalur Satyagireesar -. Temple  - Shivastalam.txt,http://www.templenet.com/Tamilnadu/s139.html,,
Tirundudevankudi Karkateswarar -. Temple  - Shivastalam.txt,http://www.templenet.com/Tamilnadu/s147.html,,
Tiruviyalur Yoganandeswarar -Sivayoginathar Temple  - Shivastalam.txt,http://www.templenet.com/Tamilnadu/s256.html,,
Kottaiyur Koteeswarar -. Temple  - Shivastalam.txt,http://www.templenet.com/Tamilnadu/s112.html,,
Kottaiyur Koteeswarar -. Temple  - Shivastalam.txt,http://www.templenet.com/Tamilnadu/s112.html,,
Innambar . -Ezhuttarinatheswarar Temple  - Shivastalam.txt,http://www.templenet.com/Tamilnadu/s042.html,,
Tiruppurampayam Saakshi Nathar -Punnaivana Nathar Temple  - Shivastalam.txt,http://www.templenet.com/Tamilnadu/s208.html,,
Vijayamangai Gangajateswarar -Vijayanathar Temple  - Shivastalam.txt,http://www.templenet.com/Tamilnadu/s255.html,,
Tiruvaikavur Vilvavananathar -. Temple  - Shivastalam.txt,http://www.templenet.com/Tamilnadu/s274.html,,
Kurangaaduturai Dayanideeswarar -Azhagu Sadaimudinaathar Temple  - Shivastalam.txt,http://www.templenet.com/Tamilnadu/s101.html,,
Tiruppazhanam Aabatsahayar -. Temple  - Shivastalam.txt,http://www.templenet.com/Tamilnadu/s187.html,,
Tiruvaiyaru Panchanadeeswarar -Aiyaarappar Temple  - Shivastalam.txt,http://www.templenet.com/Tamilnadu/s050.html,,
Tiruneittanam . -Neyyadiappar Temple  - Shivastalam.txt,http://www.templenet.com/Tamilnadu/s174.html,,
Tirupperumpuliyur Vyagrapureeswarar -. Temple  - Shivastalam.txt,http://www.templenet.com/Tamilnadu/s216.html,,
Tirumazhapadi Vajrastampeswarar -Mazhuvaadeesar Temple  - Shivastalam.txt,http://www.templenet.com/Tamilnadu/s228.html,,
Tiruppazhuvur (Aalanturai) Vadamoolesar -Aalanturaiyeesar Temple  -,,,
Shivastalam.txt,http://www.templenet.com/Tamilnadu/s188.html,,
Tirukkaanoor . -Semmeninatheswarar Temple  - Shivastalam.txt,http://www.templenet.com/Tamilnadu/s093.html,,
Anbilalanturai Satyavageeswarar -. Temple  - Shivastalam.txt,http://www.templenet.com/Tamilnadu/s016.html,,
Tirumaanturai Amravaneswarar -Maanturaiappar Temple  - Shivastalam.txt,http://www.templenet.com/Tamilnadu/s232.html,,
Tiruppaatrurai Moolanathar -Aadi Mudalvar Temple  - Shivastalam.txt,http://www.templenet.com/Tamilnadu/s202.html,,
Tiruvaanaikka -- Jambukeswarar Temple  - Shivastalam.txt,http://www.templenet.com/Tamilnadu/s031.html,,
Tiruppainneeli Neelakantar -Neelivananathar Temple  - Shivastalam.txt,http://www.templenet.com/Tamilnadu/s220.html,,
Tiruppachilasramam Saameevaneswarar -Maatrarivaalar Temple  - Shivastalam.txt,http://www.templenet.com/Tamilnadu/s196.html,,
Tiruveengoimalai Maragathachaleswarar -. Temple  - Shivastalam.txt,http://www.templenet.com/Tamilnadu/s043.html,,
Vaatpokki Ratnagireeswarar -Vatpokkinathar Temple  - Shivastalam.txt,http://www.templenet.com/Tamilnadu/s251.html,,
Kadambar Kovil Ananteswarar -Kadambavananathar Temple  - Shivastalam.txt,http://www.templenet.com/Tamilnadu/s061.html,,
Tirupparaaitturai Dharukavananathar -Paraitturai Nathar Temple  - Shivastalam.txt,http://www.templenet.com/Tamilnadu/s184.html,,
Tirukkarkudi (Uyyakkondan Malai) Ujjeevaneswarar -Uchinathar Temple  -,,,
Shivastalam.txt,http://www.templenet.com/Tamilnadu/s083.html,,
Uraiyur Panchavarneswarar -. Temple  - Shivastalam.txt,http://www.templenet.com/Tamilnadu/s241.html,,
Tiruchirappalli Matrubhuteswarar -Taayumaanavar Temple  - Shivastalam.txt,http://www.templenet.com/Tamilnadu/s132.html,,
Tiruverumbur . -Erumbeeswarar Temple  - Shivastalam.txt,http://www.templenet.com/Tamilnadu/s048.html,,
Nedunkalam Nityasundareswarar -Nedunkalanathar Temple  - Shivastalam.txt,http://www.templenet.com/Tamilnadu/s173.html,,
Melaittirukkattuppalli Agneeswarar -Theeyadiappar Temple  - Shivastalam.txt,http://www.templenet.com/Tamilnadu/s086.html,,
Tiruvalampozhil Atmanathar -. Temple  - Shivastalam.txt,http://www.templenet.com/Tamilnadu/s027.html,,
Tiruppoonturutti Pushpavana Nathar -Poonturutti Nathar Temple  - Shivastalam.txt,http://www.templenet.com/Tamilnadu/s212.html,,
Tirukkandiyur Veeratteswarar -. Temple  - Shivastalam.txt,http://www.templenet.com/Tamilnadu/s068.html,,
Tiruchotrutturai Odanavaneswarar -Oppillachelvar Temple  - Shivastalam.txt,http://www.templenet.com/Tamilnadu/s142.html,,
Tiruvedikkudi Vedapureeswarar -. Temple  - Shivastalam.txt,http://www.templenet.com/Tamilnadu/s270.html,,
Tenkudittittai Vasishteswarar -Pasupateeswarar Temple  - Shivastalam.txt,http://www.templenet.com/Tamilnadu/s154.html,,
Tiruppullamangai Vadatheertha Nathar -Aalanturai Naathar Temple  - Shivastalam.txt,http://www.templenet.com/Tamilnadu/s206.html,,
Tiruchakrapalli Chakravageswarar -Alanturaiyeesar Temple  - Shivastalam.txt,http://www.templenet.com/Tamilnadu/s127.html,,
Tirukkarukaavoor Madhavivaneswarar -Mullaivananathar Temple  - Shivastalam.txt,http://www.templenet.com/Tamilnadu/s072.html,,
Tiruppaalaitturai . -Paalvanna Nathar Temple  - Shivastalam.txt,http://www.templenet.com/Tamilnadu/s201.html,,
Tirunallur Kalyana Sundareswarar -Periyandeswarar Temple  - Shivastalam.txt,http://www.templenet.com/Tamilnadu/s158.html,,
Aavoor Pasupateeswaram Pasupateeswarar -Aavoorudaiyar Temple  - Shivastalam.txt,http://www.templenet.com/Tamilnadu/s030.html,,
Satthi Mutram . -Sivakkozhuntheesar Temple  - Shivastalam.txt,http://www.templenet.com/Tamilnadu/s128.html,,
Patteeswaram Dhenupureeswarar -Patteeswarar Temple  - Shivastalam.txt,http://www.templenet.com/Tamilnadu/s180.html,,
Pazhaiyarai Vadatali Dharmapureeswarar -. Temple  - Shivastalam.txt,http://www.templenet.com/Tamilnadu/s189.html,,
Tiruvalanchuzhi Khabartheesar -Karpaka Nathar Temple  - Shivastalam.txt,http://www.templenet.com/Tamilnadu/s244.html,,
Tirukkudamookku Kumbeswarar -. Temple  - Shivastalam.txt,http://www.templenet.com/Tamilnadu/s097.html,,
Tirukkudandai Keezhkottam Nageswara Swamy -. Temple  - Shivastalam.txt,http://www.templenet.com/Tamilnadu/s096.html,,
Kudandaikkaaronam Kasi Viswanathar -. Temple  - Shivastalam.txt,http://www.templenet.com/Tamilnadu/s095.html,,
Tirunageswaram Nageswarar -. Temple  - Shivastalam.txt,http://www.templenet.com/Tamilnadu/s164.html,,
Tiruvidaimarudur Mahalingeswarar -Marudavaanar Temple  - Shivastalam.txt,http://www.templenet.com/Tamilnadu/s034.html,,
Ten Kurangaaduturai Aabatsakayeswarar -. Temple  - Shivastalam.txt,http://www.templenet.com/Tamilnadu/s102.html,,
Tiruneelakkudi Neelakanda -Neyyaadi Nathar Temple  - Shivastalam.txt,http://www.templenet.com/Tamilnadu/s172.html,,
Vaikanmaadakkovil Vaikanathar -. Temple  - Shivastalam.txt,http://www.templenet.com/Tamilnadu/s273.html,,
Tirunallam Uma Maheswarar -. Temple  - Shivastalam.txt,http://www.templenet.com/Tamilnadu/s157.html,,
Tirukkozhambam Kokileswarar -. Temple  - Shivastalam.txt,http://www.templenet.com/Tamilnadu/s125.html,,
Tiruvavaduturai Gomukteesar -Masilamaneesar Temple  - Shivastalam.txt,http://www.templenet.com/Tamilnadu/s029.html,,
Tirutturutti Ukta Vedeeswarar -Sonnavaararivar Temple  - Shivastalam.txt,http://www.templenet.com/Tamilnadu/s150.html,,
Tiruvazhundur Veda Pureeswarar -. Temple  - Shivastalam.txt,http://www.templenet.com/Tamilnadu/s013.html,,
Mayiladuturai Mayuranathar -Vallal Temple  - Shivastalam.txt,http://www.templenet.com/Tamilnadu/s224.html,,
Vilanagar Ucheeravaneswarar -Turai Kaattum Vallalaar Temple  - Shivastalam.txt,http://www.templenet.com/Tamilnadu/s257.html,,
Tiruppariyalur Veeratteswarar -. Temple  - Shivastalam.txt,http://www.templenet.com/Tamilnadu/s191.html,,
Tiruchemponpalli Swarnapureeswarar -. Temple  - Shivastalam.txt,http://www.templenet.com/Tamilnadu/s138.html,,
Tirunanipalli . -Natrunaiyappar Temple  - Shivastalam.txt,http://www.templenet.com/Tamilnadu/s162.html,,
Tiruvalampuram . -Valampurinathar Temple  - Shivastalam.txt,http://www.templenet.com/Tamilnadu/s245.html,,
Tiruttalaichankadu Shankarunatheswarar -Sangu Nayakar Temple  - Shivastalam.txt,http://www.templenet.com/Tamilnadu/s145.html,,
Aakkoor Swayambu Nathar -Taantonreesar Temple  - Shivastalam.txt,http://www.templenet.com/Tamilnadu/s018.html,,
Tirukkadavur Amritaghateswarar -. Temple  - Shivastalam.txt,http://www.templenet.com/Tamilnadu/s063.html,,
Tirukkadavur Mayaanam Bhramapureeswarar -. Temple  - Shivastalam.txt,http://www.templenet.com/Tamilnadu/s064.html,,
Tiruvettakkudi . -Tirumeniyazhagar Temple  - Shivastalam.txt,http://www.templenet.com/Tamilnadu/s269.html,,
Tiruttelicheri Parvateeswarar -. Temple  - Shivastalam.txt,http://www.templenet.com/Tamilnadu/s153.html,,
Dharumapuram Dharmapureeswarar -Yaazhmurinathar Temple  - Shivastalam.txt,http://www.templenet.com/Tamilnadu/s144.html,,
Tirunallar Darbaranyeswarar -Darbaranyatyagar Temple  - Shivastalam.txt,http://www.templenet.com/Tamilnadu/s160.html,,
Tirukkottaru Airavateswarar -. Temple  - Shivastalam.txt,http://www.templenet.com/Tamilnadu/s119.html,,
Ambar Bhramapureesar -Punnagavaneswarar Temple  - Shivastalam.txt,http://www.templenet.com/Tamilnadu/s006.html,,
Ambar Maakaalam Kaalakandeswarar -Maakaala Nathar Temple  - Shivastalam.txt,http://www.templenet.com/Tamilnadu/s007.html,,
Tirumeeyachur Meganathar -Tirumeninathar Temple  - Shivastalam.txt,http://www.templenet.com/Tamilnadu/s234.html,,
Tirumeeyachur Ilamkovil Sakala Bhuvaneswarar -. Temple  - Shivastalam.txt,http://www.templenet.com/Tamilnadu/s235.html,,
Thilataipati Mandaravaneswarar -Mutheesar Temple  - Shivastalam.txt,http://www.templenet.com/Tamilnadu/s148.html,,
Tiruppaampuram Sarpeswarar -Paampuranathar Temple  - Shivastalam.txt,http://www.templenet.com/Tamilnadu/s200.html,,
Sirukudi Kalyanasundaresar -Mangalesar Temple  - Shivastalam.txt,http://www.templenet.com/Tamilnadu/s134.html,,
Tiruveezhimizhalai Netrarpaneswarar -Veezhiazhageeswarar Temple  - Shivastalam.txt,http://www.templenet.com/Tamilnadu/s261.html,,
Tiruvanniyur Agneeswarar -. Temple  - Shivastalam.txt,http://www.templenet.com/Tamilnadu/s249.html,,
Karuvili Kottittai Sarguna Natheswarar -. Temple  - Shivastalam.txt,http://www.templenet.com/Tamilnadu/s075.html,,
Penu Perunturai Pranaveswarar -Sivanandar Temple  - Shivastalam.txt,http://www.templenet.com/Tamilnadu/s218.html,,
Naraiyur Sidheeswaram Sidheeswarar -Sidha Nathar Temple  - Shivastalam.txt,http://www.templenet.com/Tamilnadu/s161.html,,
Arisirkaraiputtur . -Padikkasalitha Nathar Temple  - Shivastalam.txt,http://www.templenet.com/Tamilnadu/s010.html,,
Sivapuram Sivapuranathar -. Temple  - Shivastalam.txt,http://www.templenet.com/Tamilnadu/s133.html,,
Kalayanallur (Sakkottai) Amritakalaseswarar -Amudaghatesar Temple  -,,,
Shivastalam.txt,http://www.templenet.com/Tamilnadu/s077.html,,
Tirukkarukkudi Sargunalingeswarar -Karukkudinathar Temple  - Shivastalam.txt,http://www.templenet.com/Tamilnadu/s073.html,,
Tiruvanchiyam Vanchinathar -Vanchilingeswarar Temple  - Shivastalam.txt,http://www.templenet.com/Tamilnadu/s250.html,,
Nannilam Madhuvaneswarar -. Temple  - Shivastalam.txt,http://www.templenet.com/Tamilnadu/s163.html,,
Tirukkondeeswaram Pasupateeswarar -. Temple  - Shivastalam.txt,http://www.templenet.com/Tamilnadu/s113.html,,
Tiruppanaiyur Soundarya Nathar -Azhagiya nathar Temple  - Shivastalam.txt,http://www.templenet.com/Tamilnadu/s194.html,,
Virkudi Veeratteswarar -. Temple  - Shivastalam.txt,http://www.templenet.com/Tamilnadu/s259.html,,
Tiruppugalur Agneeswarar -Konappiraan Temple  - Shivastalam.txt,http://www.templenet.com/Tamilnadu/s203.html,,
Tiruppugalur Vardhamaneswaram Vardhamaneswarar -. Temple  - Shivastalam.txt,http://www.templenet.com/Tamilnadu/s204.html,,
Ramanadeeswaram Ramanathar -. Temple  - Shivastalam.txt,http://www.templenet.com/Tamilnadu/s037.html,,
Tiruppayatrankudi Muktapureeswarar -Payatreeswarar Temple  - Shivastalam.txt,http://www.templenet.com/Tamilnadu/s182.html,,
Tiruchenkattankudi Ganapateeswarar -Uttarapathiyar Temple  - Shivastalam.txt,http://www.templenet.com/Tamilnadu/s137.html,,
Tirumarugal Ratnagireeswarar -Manikkavannar Temple  - Shivastalam.txt,http://www.templenet.com/Tamilnadu/s227.html,,
Tiruchaattamangai Ayavanteeswarar -. Temple  - Shivastalam.txt,http://www.templenet.com/Tamilnadu/s129.html,,
Nagaikkaronam Kayarohaneswarar -. Temple  - Shivastalam.txt,http://www.templenet.com/Tamilnadu/s165.html,,
Sikkal Navaneeteswarar -Venneipperumaan Temple  - Shivastalam.txt,http://www.templenet.com/Tamilnadu/s131.html,,
Keevalur Akshayalingeswarar -Kediliyappar Temple  - Shivastalam.txt,http://www.templenet.com/Tamilnadu/s094.html,,
Tiruttevur Devapureeswarar -Deva Gurunathar Temple  - Shivastalam.txt,http://www.templenet.com/Tamilnadu/s155.html,,
Palliyin Mukkoodal . -Mukkonanatheswarar Temple  - Shivastalam.txt,http://www.templenet.com/Tamilnadu/s190.html,,
Achaleswaram Achaleswarar -Araneri Appar Temple  - Shivastalam.txt,http://www.templenet.com/Tamilnadu/s024.html,,
Tiruvarur Tyagarajar -Veedhi Vitankar Temple  - Shivastalam.txt,http://www.templenet.com/Tamilnadu/s023.html,,
Arurparavaiumandali . -Toovai Nayanar Temple  - Shivastalam.txt,http://www.templenet.com/Tamilnadu/s025.html,,
Vilamar Patanjali Manoharar -. Temple  - Shivastalam.txt,http://www.templenet.com/Tamilnadu/s258.html,,
Karaveeram Bhramapureeswarar -Alarivananathar Temple  - Shivastalam.txt,http://www.templenet.com/Tamilnadu/s071.html,,
Peruvelur Avimukteswarar -Piriyaada Nathar Temple  - Shivastalam.txt,http://www.templenet.com/Tamilnadu/s217.html,,
Talaiyalankadu Nartanapureeswarar -Aadal Vallavar Temple  - Shivastalam.txt,http://www.templenet.com/Tamilnadu/s146.html,,
Tirukkudavaayil Koneswarar -Konanathan Temple  - Shivastalam.txt,http://www.templenet.com/Tamilnadu/s098.html,,
Tirucherai Gnana Parameswarar -Senneriappar Temple  - Shivastalam.txt,http://www.templenet.com/Tamilnadu/s140.html,,
Tirunalurmayaanam Gnanaparameswarar -Palaasa Vanesar Temple  - Shivastalam.txt,http://www.templenet.com/Tamilnadu/s168.html,,
Kaduvaaikaaraiputhur Swarnapureesar -Semponnnathar Temple  - Shivastalam.txt,http://www.templenet.com/Tamilnadu/s066.html,,
Tiruvirumpoolai Aabatsakayar -. Temple  - Shivastalam.txt,http://www.templenet.com/Tamilnadu/s039.html,,
Aradaipperumpazhi Paataleswarar -. Temple  - Shivastalam.txt,http://www.templenet.com/Tamilnadu/s009.html,,
Avalivanallur Saakshi Nayakeswarar -. Temple  - Shivastalam.txt,http://www.templenet.com/Tamilnadu/s011.html,,
Paridiniyamam Bhaskareswarar -Paridiyappar Temple  - Shivastalam.txt,http://www.templenet.com/Tamilnadu/s185.html,,
Tiruvenniyur (Koyil venni) . -Vennikkarumbar Temple  - Shivastalam.txt,http://www.templenet.com/Tamilnadu/s265.html,,
Tiruppoovanur Pushpavaneswarar -. Temple  - Shivastalam.txt,http://www.templenet.com/Tamilnadu/s214.html,,
Paataaleeswaram Sarpapureeswarar -Naganathar Temple  - Shivastalam.txt,http://www.templenet.com/Tamilnadu/s198.html,,
Tirukkalar . -Kalarmulainathar Temple  - Shivastalam.txt,http://www.templenet.com/Tamilnadu/s081.html,,
Tiruchitremam Madhupureeswarar -Pon Vaitha Nathar Temple  - Shivastalam.txt,http://www.templenet.com/Tamilnadu/s135.html,,
Tiru Usaattaanam Mantrapureeswarar -Usaattaanamudaiya Naayanaar Temple  -,,,
Shivastalam.txt,http://www.templenet.com/Tamilnadu/s044.html,,
Tiruidumbavanam Sargunanatheswarar -. Temple  - Shivastalam.txt,http://www.templenet.com/Tamilnadu/s032.html,,
Kadikkulam Karpaga Naathar -. Temple  - Shivastalam.txt,http://www.templenet.com/Tamilnadu/s065.html,,
Tandalaineeneri Sthira Budheeswarar -Neeneri Naathar Temple  - Shivastalam.txt,http://www.templenet.com/Tamilnadu/s143.html,,
Kottur . -Kozhuntheesar Temple  - Shivastalam.txt,http://www.templenet.com/Tamilnadu/s120.html,,
Vanduturai Bhramarapureeswarar -Vanduturai Nathar Temple  - Shivastalam.txt,http://www.templenet.com/Tamilnadu/s264.html,,
Tirukkollampudur Vilvavaneswarar -. Temple  - Shivastalam.txt,http://www.templenet.com/Tamilnadu/s114.html,,
Pereyil Jagadeeswarar (Viswanathar) -Sidhi Nathar Temple  - Shivastalam.txt,http://www.templenet.com/Tamilnadu/s219.html,,
Tirukkollikkadu Agneeswarar -Theevannanathar Temple  - Shivastalam.txt,http://www.templenet.com/Tamilnadu/s115.html,,
Tenkoor Rajatagireeswarar -Vellimalai Nathar Temple  - Shivastalam.txt,http://www.templenet.com/Tamilnadu/s152.html,,
Tirunellikka Amalakavaneswarar -Nellivananatheswarar Temple  - Shivastalam.txt,http://www.templenet.com/Tamilnadu/s175.html,,
Tirunatyattankudi Ratnapureeswarar -Manikkavannar Temple  - Shivastalam.txt,http://www.templenet.com/Tamilnadu/s166.html,,
Tirukkarayil . -Kannayira Natheswarar Temple  - Shivastalam.txt,http://www.templenet.com/Tamilnadu/s090.html,,
Kanraappur Vatsanathar -Naduthariappar Temple  - Shivastalam.txt,http://www.templenet.com/Tamilnadu/s084.html,,
Tiru Valivalam Hridaya Kamalanathar -Manattunai Nathar Temple  - Shivastalam.txt,http://www.templenet.com/Tamilnadu/s247.html,,
Kaichinam Hrudaya Kamala Nathar -Karachinneswarar Temple  - Shivastalam.txt,http://www.templenet.com/Tamilnadu/s109.html,,
Tirukkolili Sundareswarar -. Temple  - Shivastalam.txt,http://www.templenet.com/Tamilnadu/s126.html,,
Tiruvaimur . -Vaimurnathar Temple  - Shivastalam.txt,http://www.templenet.com/Tamilnadu/s252.html,,
Tiru Agathiyan Palli Agastheeswarar -. Temple  - Shivastalam.txt,http://www.templenet.com/Tamilnadu/s001.html,,
Kodikkarai Amrita Ghateswarar -. Temple  - Shivastalam.txt,http://www.templenet.com/Tamilnadu/s117.html,,
Tiruvidaivai Punyakoti Nathar -. Temple  - Shivastalam.txt,http://www.templenet.com/Tamilnadu/s275.html,,
Tirukkonamalai Koneswarar -. Temple  - Shivastalam.txt,http://www.templenet.com/Tamilnadu/s121.html,,
Tirukketheeswaram Ketheeswarar -. Temple  - Shivastalam.txt,http://www.templenet.com/Tamilnadu/s108.html,,
Aalavaai  Madurai Sundareswarar -Chokkanathar Temple  - Shivastalam.txt,http://www.templenet.com/Tamilnadu/s028.html,,
Aappudaiyaar Kovil Rishabeswarar -Aappudaiyar Temple  - Shivastalam.txt,http://www.templenet.com/Tamilnadu/s020.html,,
Tirupparankunram Parangirinathar -. Temple  - Shivastalam.txt,http://www.templenet.com/Tamilnadu/s183.html,,
Tiruvedakam Edakanatheswarar -. Temple  - Shivastalam.txt,http://www.templenet.com/Tamilnadu/s049.html,,
Tirukkodunkunram Ugragireeswarar -Kodunkunranathar Temple  - Shivastalam.txt,http://www.templenet.com/Tamilnadu/s111.html,,
Tirupputhur Sreetalinathar -Tiruttalinathar Temple  - Shivastalam.txt,http://www.templenet.com/Tamilnadu/s205.html,,
Tiruppunavayil . -Pazhampati Nathar Temple  - Shivastalam.txt,http://www.templenet.com/Tamilnadu/s210.html,,
Rameswaram Ramanathaswamy -. Temple  - Shivastalam.txt,http://www.templenet.com/Tamilnadu/s038.html,,
Tirukkanapper Sundareswarar -Kaalaiyeesar Temple  - Shivastalam.txt,http://www.templenet.com/Tamilnadu/s091.html,,
Tiruppoovanam Bhaskarapureeswarar -Poovana Nathar Temple  - Shivastalam.txt,http://www.templenet.com/Tamilnadu/s213.html,,
Tiruchuzhial Bhoominathar -Tirumeni Nathar Temple  - Shivastalam.txt,http://www.templenet.com/Tamilnadu/s136.html,,
Kutralam Kutrala Nathar -Kurumpalaveesar Temple  - Shivastalam.txt,http://www.templenet.com/Tamilnadu/s105.html,,
Tirunelveli Venuvaneswarar -Nellaiyappar Temple  - Shivastalam.txt,http://www.templenet.com/Tamilnadu/s179.html,,
Thiruvanchikulam-Vanchikuleswarar Temple-Shivastalam.txt,http://www.templenet.com/Tamilnadu/s003.html,,
Avinashi - Avinashi Eswarar Temple  - Shivastalam.txt,http://www.templenet.com/Tamilnadu/s012.html,,
Tiru Nana Sangameswarar -. Temple  - Shivastalam.txt,http://www.templenet.com/Tamilnadu/s238.html,,
Tiru Nana Sangameswarar -. Temple  - Shivastalam.txt,http://www.templenet.com/Tamilnadu/s156.html,,
Kodimadachenkunroor Ardhanareeswarar -. Temple  - Shivastalam.txt,http://www.templenet.com/Tamilnadu/s110.html,,
Venchamaakoodal Vikriteswarar -. Temple  - Shivastalam.txt,http://www.templenet.com/Tamilnadu/s262.html,,
Paandikkodumudi Makuteswarar -Kodumudi Nathar Temple  - Shivastalam.txt,http://www.templenet.com/Tamilnadu/s197.html,,
Karuvoor Aanilai Pasupateeswarar -. Temple  - Shivastalam.txt,http://www.templenet.com/Tamilnadu/s076.html,,
Tirunelvayil Aratturai Theerthapureeswarar -Aratturai Naathar Temple  -,,,
Shivastalam.txt,http://www.templenet.com/Tamilnadu/s177.html,,
Pennaagadam Pralayakaleswarar -Sudarkozhuntheesar Temple  - Shivastalam.txt,http://www.templenet.com/Tamilnadu/s215.html,,
Goodalaiyatrur Narthana Vallabheswarar -Nerikkattunayakar Temple  -,,,
Shivastalam.txt,http://www.templenet.com/Tamilnadu/s106.html,,
Erukkattampuliyur Swetargavaneswarar -Tirukkumaresar Temple  - Shivastalam.txt,http://www.templenet.com/Tamilnadu/s047.html,,
Tiruttinai Nagar . -Sivakkozhuntheeswarar Temple  - Shivastalam.txt,http://www.templenet.com/Tamilnadu/s149.html,,
Tiruchopuram Mangalapureeswarar -Chopuranathar Temple  - Shivastalam.txt,http://www.templenet.com/Tamilnadu/s141.html,,
Thiruvatikai-Veerateswarar Temple-Shivastalam.txt,http://www.templenet.com/Tamilnadu/s005.html,,
Tirunavalur Bhakta Janeswarar -Naavaleesar Temple  - Shivastalam.txt,http://www.templenet.com/Tamilnadu/s169.html,,
Tirumudukunram Vridhagireeswarar -Pazhamalainathar Temple  - Shivastalam.txt,http://www.templenet.com/Tamilnadu/s237.html,,
Tirunelvennei Swarnaghateswarar -Venneiyappar Temple  - Shivastalam.txt,http://www.templenet.com/Tamilnadu/s178.html,,
Tirukkovalur Veerattam Veeratteswarar -. Temple  - Shivastalam.txt,http://www.templenet.com/Tamilnadu/s124.html,,
Arankandanallur-- Araiani NaatharTemple  - Shivastalam.txt,http://www.templenet.com/Tamilnadu/s014.html,,
Tiruvidaiyaru . -Idaiyatreesar Temple  - Shivastalam.txt,http://www.templenet.com/Tamilnadu/s035.html,,
Tiruvennainallur Kripapureeswarar -Taduttaatkonda Nathar Temple  - Shivastalam.txt,http://www.templenet.com/Tamilnadu/s266.html,,
Tirutturaiyur Pasupateeswarar -Tirutturai Naathar Temple  - Shivastalam.txt,http://www.templenet.com/Tamilnadu/s151.html,,
Vatukur Panchanatheeswarar -Vatukurnathar Temple  - Shivastalam.txt,http://www.templenet.com/Tamilnadu/s243.html,,
Tirumaanikkuzhi Vaamaneswarar -Udavi Nayakar Temple  - Shivastalam.txt,http://www.templenet.com/Tamilnadu/s231.html,,
Tiruppaadirippuliyur Paataleeswarar -Tonraattunai Nathar Temple  - Shivastalam.txt,http://www.templenet.com/Tamilnadu/s199.html,,
Tirumundeeswaram Sivaloka Nathar -Mundeeswarar Temple  - Shivastalam.txt,http://www.templenet.com/Tamilnadu/s236.html,,
Puravaar Panankattur . -Panankatteesar Temple  - Shivastalam.txt,http://www.templenet.com/Tamilnadu/s209.html,,
Tiru Aamaathur Abhirameswarar -Azhagiyanayanar Temple  - Shivastalam.txt,http://www.templenet.com/Tamilnadu/s022.html,,
Tiruvannamalai - Shivastalam - Arunachaleswarar Temple.txt,http://www.templenet.com/Tamilnadu/s004.html,,
Kachi Ekambam Ekambreswarar -Ekambara Nathar Temple  - Shivastalam.txt,http://www.templenet.com/Tamilnadu/s056.html,,
Kachi Metrali . -Tirumetralinathar Temple  - Shivastalam.txt,http://www.templenet.com/Tamilnadu/s058.html,,
Onakanthan Tali Onakantheswarar -. Temple  - Shivastalam.txt,http://www.templenet.com/Tamilnadu/s052.html,,
Kachi Anekatangapadam Anekatangapadeswarar -. Temple  - Shivastalam.txt,http://www.templenet.com/Tamilnadu/s055.html,,
Kachi Nerikkaaraikkadu Satyanatheswarar -Kaaraittirunatheswarar Temple  -,,,
Shivastalam.txt,http://www.templenet.com/Tamilnadu/s057.html,,
Kuranganilmuttam Vaaleeswarar -Koyyaa Malareesar Temple  - Shivastalam.txt,http://www.templenet.com/Tamilnadu/s100.html,,
Tirumagaral - Shivastalam - Home Page.txt,http://www.templenet.com/Tamilnadu/s230.html,,
Tiruvothur Vedanatheswarar -. Temple  - Shivastalam.txt,http://www.templenet.com/Tamilnadu/s053.html,,
Panankattur Taalapureeswarar -Panankatteesar Temple  - Shivastalam.txt,http://www.templenet.com/Tamilnadu/s192.html,,
Tiruvallam Vilvavananathar -Vallanathar Temple  - Shivastalam.txt,http://www.templenet.com/Tamilnadu/s248.html,,
Tirumalper Manikandeswarar -Maal Vanangia Eesar Temple  - Shivastalam.txt,http://www.templenet.com/Tamilnadu/s233.html,,
Tiruvooral Jalanatheswarar -Tiruvooral Mahadevar Temple  - Shivastalam.txt,http://www.templenet.com/Tamilnadu/s045.html,,
Ilambayankottur Chandrasekharar -Deiva Nayakar Temple  - Shivastalam.txt,http://www.templenet.com/Tamilnadu/s041.html,,
Tiruvirkolam Tripurantaka -. Temple  - Shivastalam.txt,http://www.templenet.com/Tamilnadu/s260.html,,
Tiruvalankadu Nataraja Oordhvatandavamoorthy -Aalankatteesar Temple  -,,,
Shivastalam.txt,http://www.templenet.com/Tamilnadu/s026.html,,
Tiruppaasur Pasupati Nathar -Paasoor Nathar Temple  - Shivastalam.txt,http://www.templenet.com/Tamilnadu/s195.html,,
Tiruvenpakkam . -Oonreeswarar Temple  - Shivastalam.txt,http://www.templenet.com/Tamilnadu/s267.html,,
Tirukkallil Sivanandeswarar -Kalleeswarar Temple  - Shivastalam.txt,http://www.templenet.com/Tamilnadu/s082.html,,
Sree Kaalahasti Kaalahasti Naathar -Kaalathiappar Temple  - Shivastalam.txt,http://www.templenet.com/Tamilnadu/s089.html,,
Tiruvotriyur Tyagarajar -Maanikatyagar Temple  - Shivastalam.txt,http://www.templenet.com/Tamilnadu/s051.html,,
Tiruvalithaayam . -Valithaya Nathar Temple  - Shivastalam.txt,http://www.templenet.com/Tamilnadu/s246.html,,
Tirumullaivayil . -Masilamaneeswarar Temple  - Shivastalam.txt,http://www.templenet.com/Tamilnadu/s239.html,,
Tiruverkadu Vedapureeswarar -Verkatteeswarar Temple  - Shivastalam.txt,http://www.templenet.com/Tamilnadu/s272.html,,
Tirumayilai (Mylapore) Kapaleeswarar -. Temple  - Shivastalam.txt,http://www.templenet.com/Tamilnadu/s225.html,,
Tiruvanmyur - Marundeeswarar,,,
Tirukkachoor Kachabeswarar -Virunditta Eesar Temple  - Shivastalam.txt,http://www.templenet.com/Tamilnadu/s059.html,,
Tiruvidaichuram . -Idaichuranathar Temple  - Shivastalam.txt,http://www.templenet.com/Tamilnadu/s033.html,,
Tirukkalunkunram Vedagireeswarar -Tirumalaiyaludaiyar Temple  - Shivastalam.txt,http://www.templenet.com/Tamilnadu/s080.html,,
Tiru Acharapakkam Paakka Pureswarar -Aatchi Konda Nathar Temple  - Shivastalam.txt,http://www.templenet.com/Tamilnadu/s002.html,,
Tiruvakkarai Chandrasekharar -. Temple  - Shivastalam.txt,http://www.templenet.com/Tamilnadu/s242.html,,
Arasili . -Arasili Naathar Temple  - Shivastalam.txt,http://www.templenet.com/Tamilnadu/s008.html,,
Irumbai Maakalam Maakaaleswarar -. Temple  - Shivastalam.txt,http://www.templenet.com/Tamilnadu/s040.html,,
Gokarnam Mahabaleswarar -. Temple  - Shivastalam.txt,http://www.templenet.com/Tamilnadu/s116.html,,
Tirupparuppatham Mallikarjuneswarar -. Temple  - Shivastalam.txt,http://www.templenet.com/Tamilnadu/s186.html,,
Indraneelaparvatam Neelachalanathar -. Temple  - Shivastalam.txt,http://www.templenet.com/Tamilnadu/s036.html,,
Anekatangavadam . -Arul Manna Nayakar Temple  - Shivastalam.txt,http://www.templenet.com/Tamilnadu/s015.html,,
Tirukkedaram Kedara Nathar -. Temple  - Shivastalam.txt,http://www.templenet.com/Tamilnadu/s107.html,,
Kailasam Shiva -Kailasa Nathar Temple  - Shivastalam.txt,http://www.templenet.com/Tamilnadu/s070.html,,
Tiruvarangam (Srirangam) Divya Desam.txt,http://www.templenet.com/Tamilnadu/df001.html,,
Tirukkozhi Divya Desam.txt,http://www.templenet.com/Tamilnadu/df002.html,,
Tirukkarambanur - Uttamar Koyil Purushottaman Temple  - Divya Desam.txt,http://www.templenet.com/Tamilnadu/df003.html,,
Tiruvellarai Pundareekakshan Temple  - Divya Desam.txt,http://www.templenet.com/Tamilnadu/df004.html,,
Tirupper Nagar Appakkudattaan Temple  - Divya Desam.txt,http://www.templenet.com/Tamilnadu/df006.html,,
Tirukkandiyur Harasaapavimochana Perumaal Temple  - Divya Desam.txt,http://www.templenet.com/Tamilnadu/df007.html,,
Tirukkoodaloor Jagatrakshakan Temple  - Divya Desam.txt,http://www.templenet.com/Tamilnadu/df008.html,,
Kapistalam Gajendra Varadan Temple  - Divya Desam.txt,http://www.templenet.com/Tamilnadu/df009.html,,
Tiruppullambhootankudi Valvil Raaman Temple  - Divya Desam.txt,http://www.templenet.com/Tamilnadu/df010.html,,
Tiru Aadanoor Aandalakkumaiyan in a reclining posture,,,
Divya Desam.txt,http://www.templenet.com/Tamilnadu/df011.html,,
Tirukkudandai Sarangapani in a reclining posture facing East Temple  - Divya,,,
Desam.txt,http://www.templenet.com/Tamilnadu/df012.html,,
Tiruvinnagar Uppiliappan Temple  - Divya Desam.txt,http://www.templenet.com/Tamilnadu/df013.html,,
Tirunaraiyur (Naachiyaar Koyil) Srinivasar (Tirunaraiyur Nambi) Temple  -,,,
Divya Desam.txt,http://www.templenet.com/Tamilnadu/df014.html,,
Tirucherai Saranathan Temple  - Divya Desam.txt,http://www.templenet.com/Tamilnadu/df015.html,,
Tirukkannamangai (Krishna Mangala Kshetram) Bhaktavatsala Perumaal iTemple  -,,,
Divya Desam.txt,http://www.templenet.com/Tamilnadu/df016.html,,
Tirukkannapuram Neelameghapperumaal Sowriraja Perumaal Temple  - Divya Desam.txt,http://www.templenet.com/Tamilnadu/df017.html,,
Tirukkannankudi Lokanathan (Syamalameni Perumal) Temple  - Divya Desam.txt,http://www.templenet.com/Tamilnadu/df018.html,,
Tiru Naagai Neelamegapperumal in a standing posture facing East Temple  -,,,
Divya Desam.txt,http://www.templenet.com/Tamilnadu/df019.html,,
Thanjai Maamanikkoyil Temple  - Divya Desam.txt,http://www.templenet.com/Tamilnadu/df020.html,,
Tirunandipura Vinnagaram Jagannathan,,,
Tiruvelliyankudi Kolavilli Raman Temple  - Divya Desam.txt,http://www.templenet.com/Tamilnadu/df022.html,,
Tiruvazhundur Devadirajan Temple  - Divya Desam.txt,http://www.templenet.com/Tamilnadu/df023.html,,
Tiruchirupuliyur Chalasayanapperumaal Temple     - Divya Desam.txt,http://www.templenet.com/Tamilnadu/df024.html,,
Talaichchanga Naanmadiyam Naanmadiyapperumaal in a standing posture facing east,,,
Temple  - Divya Desam.txt,http://www.templenet.com/Tamilnadu/df025.html,,
Tiruvindaloor Parimala Ranganathar Temple  - Divya Desam.txt,http://www.templenet.com/Tamilnadu/df026.html,,
Tirukkaavalampaadi Gopalakrishnan Temple  - Divya Desam - Tirunangur.txt,http://www.templenet.com/Tamilnadu/df027.html,,
Kaazhicheeraama Vinnagaram Trivikrama Temple  - Divya Desam.txt,http://www.templenet.com/Tamilnadu/df028.html,,
Arimeya Vinnagaram Kudamaadukoothan Temple  - Divya Desam.txt,http://www.templenet.com/Tamilnadu/df029.html,,
Tiruvanpurushottamam Purushottaman Temple  - Divya Desam.txt,http://www.templenet.com/Tamilnadu/df030.html,,
Tiruchemponsei Kovil Perarulaalan Temple  - Divya Desam.txt,http://www.templenet.com/Tamilnadu/df031.html,,
Manimaadakkoyil Narayanan Temple  - Divya Desam.txt,http://www.templenet.com/Tamilnadu/df032.html,,
Vaikuntha Vinnagaram Vaikuntha Nathan Temple  - Divya Desam.txt,http://www.templenet.com/Tamilnadu/df033.html,,
Tiruvaali and Tirunagari Lakshmi Narasimhar,,,
Tiru Devanaar Togai Deivanayakan Temple  - Divya Desam.txt,http://www.templenet.com/Tamilnadu/df035.html,,
Tiruttetriambalam Senkanmaal (Ranganathan,,,
Desam.txt,http://www.templenet.com/Tamilnadu/df036.html,,
Tirumanikkoodam Varadaraja Perumal Temple  - Divya Desam.txt,http://www.templenet.com/Tamilnadu/df037.html,,
Tiruvellakkulam Srinivasan (Annan Perumaal,,,
Tiruppaartanpalli Taamaraiyaal Kelvan,,,
Tiruchitrakootam Govindaraja Perumaal Temple  - Divya Desam.txt,http://www.templenet.com/Tamilnadu/df040.html,,
Tiruvahindrapuram Devanathan Temple  - Divya Desam.txt,http://www.templenet.com/Tamilnadu/df041.html,,
Tirukkovilur Ulagalanda Perumal - Trivikrama Temple  - Divya Desam.txt,http://www.templenet.com/Tamilnadu/df042.html,,
Tirukkachchi Varadaraja (Devaraja) Perumal (Vishnu) Temple  - Divya Desam.txt,http://www.templenet.com/Tamilnadu/df043.html,,
Ashtabhuyakaram Adikesava Perumal (Ashtabhuja Perumaal) Temple  - Divya Desam.txt,http://www.templenet.com/Tamilnadu/df044.html,,
Tiruttankaa Deepaprakasar Temple  - Divya Desam.txt,http://www.templenet.com/Tamilnadu/df045.html,,
Tiruvelukkai Azhagiyasingar (Narasimhar) Temple  - Divya Desam.txt,http://www.templenet.com/Tamilnadu/df046.html,,
Tiru Neeragam Jagadeeswarar Temple  - Divya Desam.txt,http://www.templenet.com/Tamilnadu/df047.html,,
Tiruppaadakam Pandava Dhootapperumaal Temple  - Divya Desam.txt,http://www.templenet.com/Tamilnadu/df048.html,,
Tirunilaattingal Tundam Nilaattingal Tundattaan Temple  - Divya Desam.txt,http://www.templenet.com/Tamilnadu/df049.html,,
Tiru Oorakam Ulagalanda Perumaal - Trivikrama (Vishnu) Temple  - Divya Desam.txt,http://www.templenet.com/Tamilnadu/df050.html,,
Tiruvegkaa Yatotkaara Perumaal Temple  - Divya Desam.txt,http://www.templenet.com/Tamilnadu/df051.html,,
Tirukkaarakam Karunakara Perumaal Temple  - Divya Desam.txt,http://www.templenet.com/Tamilnadu/df052.html,,
Tirukkaarvaanam Kalvar Temple  - Divya Desam.txt,http://www.templenet.com/Tamilnadu/df053.html,,
Tirukkalvanoor Aadi Varaha Perumal Temple  - Divya Desam.txt,http://www.templenet.com/Tamilnadu/df054.html,,
Tiruppavalavannam Pavalavannan Temple  - Divya Desam.txt,http://www.templenet.com/Tamilnadu/df055.html,,
Parameswara Vinnagaram Vaikuntha Naathan Temple  - Divya Desam.txt,http://www.templenet.com/Tamilnadu/df056.html,,
Tirupputkuzhi Vijayaraghava Perumaal Temple  - Divya Desam.txt,http://www.templenet.com/Tamilnadu/df057.html,,
Tiruninravur Bhaktavatsala Perumaal Temple  - Divya Desam.txt,http://www.templenet.com/Tamilnadu/df058.html,,
Tiruevvuloor Veeraraghavaswamy Temple  - Divya Desam.txt,http://www.templenet.com/Tamilnadu/df059.html,,
Tiruvallikkeni Venkatakrishnaswamy,,,
        - Divya Desam.txt,http://www.templenet.com/Tamilnadu/df060.html, Ranganathar (Vishnu) Temple,
Tiruneermalai Neervannan,,,
Divya Desam.txt,http://www.templenet.com/Tamilnadu/df061.html, Ranganathar, Trivikrama Temple  -
Tirukkadalmallai Stalasayana Perumal (Vishnu) Temple  - Divya Desam.txt,http://www.templenet.com/Tamilnadu/df063.html,,
Tirukkatikai Bhaktavatsala Perumaal,,,
Divya Desam.txt,http://www.templenet.com/Tamilnadu/df064.html, Yoga Anjaneyar Temple  -,
Tiruvayodhi Rama (Chakravarti Tirumagan) Temple  - Divya Desam.txt,http://www.templenet.com/Tamilnadu/df065.html,,
Tirunaimisaranyam Devarajan (Sree Hari) Temple  - Divya Desam.txt,http://www.templenet.com/Tamilnadu/df066.html,,
Tiruppirudi Paramapurushan Temple  - Divya Desam.txt,http://www.templenet.com/Tamilnadu/df067.html,,
Tirukkandam Purushottaman Temple  - Divya Desam.txt,http://www.templenet.com/Tamilnadu/df068.html,,
Tiruvadariashramam Badri Narayanan Temple  - Divya Desam.txt,http://www.templenet.com/Tamilnadu/df069.html,,
Tiruchaalagraaam Sree Murthy Temple  - Divya Desam.txt,http://www.templenet.com/Tamilnadu/df070.html,,
Tiruvadamadurai Govardhanesan,,,
Tiruvaaippadi Navamohana Krishnan Temple  - Divya Desam.txt,http://www.templenet.com/Tamilnadu/df072.html,,
Tiru Dwarakai Dwarakadeesan Temple  - Divya Desam.txt,http://www.templenet.com/Tamilnadu/df073.html,,
Singavel Kunram Narasimha (Prahladavaradan) Temple  - Divya Desam.txt,http://www.templenet.com/Tamilnadu/df074.html,,
Tiruvenkatam Venkateswara Temple  - Divya Desam.txt,http://www.templenet.com/Tamilnadu/df075.html,,
Tirunaavai Tirunavai Mukundan (Narayanan) Temple  - Divya Desam.txt,http://www.templenet.com/Tamilnadu/df076.html,,
Tiruvithuvakkodu Uyyavanda Perumaal (Abhayapradan) Temple  - Divya Desam.txt,http://www.templenet.com/Tamilnadu/df077.html,,
Tirukkatkarai Kaatkaraiappan (Vaamanan) Temple  - Divya Desam.txt,http://www.templenet.com/Tamilnadu/df078.html,,
Tirumoozhikkalam Moozhikkalattappan Temple  - Divya Desam.txt,http://www.templenet.com/Tamilnadu/df079.html,,
Tiruvallavaazh Vallabha,,,
Tirukkadittaanam Amrita Narayanan Temple  - Divya Desam.txt,http://www.templenet.com/Tamilnadu/df081.html,,
Tiruchenkunroor Imaiavarappan Temple  - Divya Desam.txt,http://www.templenet.com/Tamilnadu/df082.html,,
Tiruppuliyur Maayappiraan Temple  - Divya Desam.txt,http://www.templenet.com/Tamilnadu/df083.html,,
Tiruvaaranvilai Tirukkuralappan (Parthasarathy) Temple  - Divya Desam.txt,http://www.templenet.com/Tamilnadu/df084.html,,
Tiruvanvandur Kamalanathan Temple  - Divya Desam.txt,http://www.templenet.com/Tamilnadu/df085.html,,
Tiruvanantapuram Anantapadmanabhan Temple  - Divya Desam.txt,http://www.templenet.com/Tamilnadu/df086.html,,
Tiruvattar Aadi kesava Perumal Temple  - Divya Desam.txt,http://www.templenet.com/Tamilnadu/df087.html,,
Tirruvannparisaaram Tirukkuralappan,,,
Tirukkurunkudi Azhagiyanambi Temple  - Divya Desam.txt,http://www.templenet.com/Tamilnadu/df089.html,,
Tiruchireevaramangai (Vanamamalai) Totadrinaathan Temple  - Divya Desam.txt,http://www.templenet.com/Tamilnadu/df090.html,,
Tiruvaikuntham Vaikunthanathar Temple  - Divya Desam.txt,http://www.templenet.com/Tamilnadu/df091.html,,
Tiruvaragunamangai Vijayaasanapperumaal Temple  - Divya Desam.txt,http://www.templenet.com/Tamilnadu/df092.html,,
Tiruppulinkudi Kaaisinavendan Temple  - Divya Desam.txt,http://www.templenet.com/Tamilnadu/df093.html,,
Tiruttolaivillimangalam (Irattaittiruppati) Srinivasan,,,
       - Divya Desam.txt,http://www.templenet.com/Tamilnadu/df094.html,,
Tirukkulandai (Perunkulam) Srinivasan Temple  - Divya Desam.txt,http://www.templenet.com/Tamilnadu/df095.html,,
Tirukkolur Vaittha Maanidhi Perumaal Temple  - Divya Desam.txt,http://www.templenet.com/Tamilnadu/df096.html,,
Tirupperai Makara Nedunkuzhaikkaadan Temple  - Divya Desam.txt,http://www.templenet.com/Tamilnadu/df097.html,,
Tirukkurukoor Aadinaathar Temple  - Divya Desam.txt,http://www.templenet.com/Tamilnadu/df098.html,,
Tiruvilliputtur Andal,,,
Tiruttankaal Temple Ninra Narayanan Temple  - Divya Desam.txt,http://www.templenet.com/Tamilnadu/df100.html,,
Tirukkoodal (Madurai) Koodalazhagar Temple  - Divya Desam.txt,http://www.templenet.com/Tamilnadu/df101.html,,
Tirumaaliruncholai Kallazhagar Temple  - Divya Desam.txt,http://www.templenet.com/Tamilnadu/df102.html,,
Tirumogur Kaalamega Perumaal Temple  - Divya Desam.txt,http://www.templenet.com/Tamilnadu/df103.html,,
Tirukkottiyur Uragamellanaiyaan,,,
Tiruppullaani Kalyana Jagannathan Temple  - Divya Desam.txt,http://www.templenet.com/Tamilnadu/df105.html,,
Tirumayam Satyagirinathan Temple  - Divya Desam.txt,http://www.templenet.com/Tamilnadu/df106.html,,
Tiruppaarkadal Ksheeraabdi Naathan Temple  - Divya Desam.txt,http://www.templenet.com/Tamilnadu/df107.html,,
Vaikuntham Paramapada Naathan Temple  - Divya Desam.txt,http://www.templenet.com/Tamilnadu/df108.html,,
LORD AKHANDALESWAR TEMPLE , The Landmark of Aradi for Lord Shiva Temple ,,
Kanyakumari.txt,http://www.templenet.com/Tamilnadu/kumari.html,,
Palani.txt,http://www.templenet.com/Tamilnadu/m001s.html,,
Tirupparamkunram Subramanyar Temple - Architecture.txt,http://www.templenet.com/Tamilnadu/m002a.html,,
Pazhamudir Solai Subramanyar Temple.txt,http://www.templenet.com/Tamilnadu/m003.html,,
Swamimalai Swaminathan Temple.txt,http://www.templenet.com/Tamilnadu/m004.html,,
Tiruttani Subramanyar Temple.txt,http://www.templenet.com/Tamilnadu/m006.html,,
Tiruchendur Senthilaandavar Temple.txt,http://www.templenet.com/Tamilnadu/m005.html,,
Kamakshi Amman Temple at Kanchipuram.txt,http://www.templenet.com/Tamilnadu/kamakshi.html,,
Kamakhya Temple near Guwahati in Assam.txt,http://www.templenet.com/Assam/kamakhya.html,,
Ambaji - Shakthi Peetham in Gujarat.txt,http://www.templenet.com/Western/ambaji.html,,
Kalikambal Temple in Northern Chennai - the temple.txt,http://www.templenet.com/Tamilnadu/kalikambalt.html,,
Kalighat - Kali Temple at Calcutta.txt,http://www.templenet.com/Bengal/kalighat.html,,
Mahalakshmi Temple at Kolhapur.txt,http://www.templenet.com/Maharashtra/kolhapur.html,,
Bhavani Temple at Tuljapur.txt,http://www.templenet.com/Maharashtra/bhavani.html,,
Vaishnao Devi.txt,http://www.templenet.com/Himalaya/vaishnao.html,,
Chottanikkara - Bhagawati Temple.txt,http://www.templenet.com/Kerala/chotranik.html,,
Kodungallur - Bhagawati Temple.txt,http://www.templenet.com/Kerala/kodungall.html,,
Chamundi Hills - Mysore.txt,http://www.templenet.com/Karnataka/chamundi.html,,
Kamakshi Amman Temple at Maangaadu near Chennai.txt,http://www.templenet.com/Tamilnadu/maangaadu.html,,
Karumaari Amman Temple at Tiruverkadu.txt,http://www.templenet.com/Tamilnadu/tiruverkadu.html,,
Samayapuram Mariamman Temple.txt,http://www.templenet.com/Tamilnadu/samayapuram.html,,
Gaya - Mangala Gowri Temple.txt,http://www.templenet.com/Ganga/gaya03.html,,
Mookambika.txt,http://www.templenet.com/Karnataka/kollur.html,,
Temples at Abhaneri - Rajasthan.txt,http://www.templenet.com/Western/abhaneri.html,,
Aalavaai  Madurai Sundareswarar -Chokkanathar Temple  - Shivastalam.txt,http://www.templenet.com/Tamilnadu/s028.html,,
Benares.txt,http://www.templenet.com/Ganga/varanasi.html,,
Kumara Kottam Subramanyar Temple.txt,http://www.templenet.com/Tamilnadu/m038.html,,
Viraalimalai Subramanyar Temple.txt,http://www.templenet.com/Tamilnadu/m049.html,,
Vayalur Subramanyar Temple.txt,http://www.templenet.com/Tamilnadu/m048.html,,
Vaideeswaran Koyil Mutthukkumaaraswamy Temple.txt,http://www.templenet.com/Tamilnadu/m027.html,,
Togaimalai Subramanyar Temple.txt,http://www.templenet.com/Tamilnadu/m047.html,,
Perambur - Mayiladuturai Shanmukhar Temple.txt,http://www.templenet.com/Tamilnadu/m028.html,,
Tirupporur Subramanyar Temple.txt,http://www.templenet.com/Tamilnadu/m037.html,,
Ettukkudi Shanmukhar Temple.txt,http://www.templenet.com/Tamilnadu/m031.html,,
Ennkann Aarumugaswamy Temple.txt,http://www.templenet.com/Tamilnadu/m030.html,,
Chettikkulam Dhandayutapaani Temple.txt,http://www.templenet.com/Tamilnadu/m046.html,,
Ayikudi Balasubramanyar Temple.txt,http://www.templenet.com/Tamilnadu/m007.html,,
Kazhugumalai Kazhugaachalamoorthy Temple.txt,http://www.templenet.com/Tamilnadu/m023.html,,
Sindupoonturai Kumaraswamy Temple.txt,http://www.templenet.com/Tamilnadu/m024.html,,
Valliyur Subramanyar Temple.txt,http://www.templenet.com/Tamilnadu/m009.html,,
Kurukkutturai Subramanyar Temple.txt,http://www.templenet.com/Tamilnadu/m025.html,,
Kumaran Koyil Kumaran Temple.txt,http://www.templenet.com/Tamilnadu/m021.html,,
Vellimalai Balasubramanyar Temple.txt,http://www.templenet.com/Tamilnadu/m022.html,,
Kumarar Koyil Kumarar Temple.txt,http://www.templenet.com/Tamilnadu/m008.html,,
Tirumalai Tirumalai Andavar Temple.txt,http://www.templenet.com/Tamilnadu/m026.html,,
Mandiramalai Subramanyar Temple.txt,http://www.templenet.com/Tamilnadu/m015.html,,
Marudamalai Subramanyar Temple.txt,http://www.templenet.com/Tamilnadu/m017.html,,
Chennimalai Dhandayutapani Temple.txt,http://www.templenet.com/Tamilnadu/m012.html,,
Sivanmalai Subramanyar Temple.txt,http://www.templenet.com/Tamilnadu/m013.html,,
Alavaipatti . Temple.txt,http://www.templenet.com/Tamilnadu/m077.html,,
Kanakagiri Velayudaswami Temple.txt,http://www.templenet.com/Tamilnadu/m076.html,,
Kanjamalai Subramanyar Temple.txt,http://www.templenet.com/Tamilnadu/m075.html,,
Kollimalai Subramanyar,,,
Skandaasramam . Temple.txt,http://www.templenet.com/Tamilnadu/m054.html,,
Tiruchengode Chenkottu Velavar Temple.txt,http://www.templenet.com/Tamilnadu/m055.html,,
Cheyur Kandaswamy Temple.txt,http://www.templenet.com/Tamilnadu/m044.html,,
Vennaimalai Subramanyar Temple.txt,http://www.templenet.com/Tamilnadu/m041.html,,
Aandaarkuppam Balasubramaniar Temple.txt,http://www.templenet.com/Tamilnadu/m033.html,,
Kanda Kottam Mutthukkumaaraswamy Temple.txt,http://www.templenet.com/Tamilnadu/m042.html,,
Tirumayilai Singaravelar Temple.txt,http://www.templenet.com/Tamilnadu/m032.html,,
Vadapalani Dhandayutapaani,,,
Kumaran Kunram Swaminathan Temple.txt,http://www.templenet.com/Tamilnadu/m036.html,,
Kunrattur Kandaswamy Temple.txt,http://www.templenet.com/Tamilnadu/m034.html,,
Perumberkkandikai Subramanyar Temple.txt,http://www.templenet.com/Tamilnadu/m040.html,,
Vallakkottai Subramanyar Temple.txt,http://www.templenet.com/Tamilnadu/m035.html,,
Mayilam Subramanyar Temple.txt,http://www.templenet.com/Tamilnadu/m050.html,,
Vallimalai Subramanyar Temple.txt,http://www.templenet.com/Tamilnadu/m010.html,,
Kaangeyanallur Subramanyar Temple.txt,http://www.templenet.com/Tamilnadu/m011.html,,
Udupi.txt,http://www.templenet.com/Karnataka/udupi.html,,
Sringeri - Vidyashankara Temple.txt,http://www.templenet.com/Karnataka/sringeri.html,,
Vaikom Mahadevar Temple.txt,http://www.templenet.com/Kerala/vaikom.html,,
Kumaranallur.txt,http://www.templenet.com/Kerala/kumaranallur.html,,
Suryanaar Koyil.txt,http://www.templenet.com/Tamilnadu/suryanaar.html,,
Tirumangalakkudi Prananatheswarar -. Temple  - Shivastalam.txt,http://www.templenet.com/Tamilnadu/s221.html,,
The Sun Temple at Konark.txt,http://www.templenet.com/Orissa/konark.html,,
Surya Pahar.txt,http://www.templenet.com/Assam/suryapahar.html,,
Sun Temple at Modhera - Gujarat.txt,http://www.templenet.com/Western/modhera.html,,
A Dream in Marble.txt,http://www.templenet.com/abu.html,,
Suryanarayana Temple at Arasavalli.txt,http://www.templenet.com/Andhra/arasavalli.html,,
Gaya - Dakshinaarka Sun Temple.txt,http://www.templenet.com/Ganga/gaya04.html,,
Bhrammanyadev - Unao.txt,http://www.templenet.com/Madhya/unao.html,,
Venkateswara Temple at Tirupati.txt,http://www.templenet.com/Andhra/tirupati.html,,
Tiruvanantapuram Anantapadmanabhan Temple  - Divya Desam.txt,http://www.templenet.com/Kerala/tiruvanandapuram.htm,,
Sri Sailam - One of the 12 Jyotirlinga Shrines of India.txt,http://www.templenet.com/Andhra/sailam.html,,
Amararama - One of the five Araamaa shrines of Shiva  in Andhra Pradesh.txt,http://www.templenet.com/Andhra/amararama.html,,
Kumararama - One of the five Araamaa shrines of Shiva  in Andhra Pradesh.txt,http://www.templenet.com/Andhra/kumararama.html,,
Ksheerarama - One of the five Araamaa shrines of Shiva  in Andhra Pradesh.txt,http://www.templenet.com/Andhra/ksheerarama.html,,
Bheemarama - One of the five Araamaa shrines of Shiva  in Andhra Pradesh.txt,http://www.templenet.com/Andhra/bheemarama.html,,
Simhachalam - The Hill Temple of Varaha Narasimha.txt,http://www.templenet.com/Andhra/simha.html,,
Sowmya Narasimha at Dharmapuri.txt,http://www.templenet.com/Andhra/sowmya_narasimha.html,,
Mangalagiri - Narasimha temple.txt,http://www.templenet.com/Andhra/mangalagiri.html,,
Kiraataarjuneeyam - Arjuna's encounter with Shiva.txt,http://www.templenet.com/beliefs/kiraata.htm,,
Akiripalli.txt,http://www.templenet.com/Andhra/akiripalli.html,,
Ramalingeswara at Dharmapuri.txt,http://www.templenet.com/Andhra/dharmapuri.html,,
Tryambakeshwar Jyotirlinga Shrine.txt,http://www.templenet.com/Maharashtra/tryambak.html,,
Bhimashankar - Jyotirlinga.txt,http://www.templenet.com/Maharashtra/bhima.html,,
Grishneshwar - Jyotirlinga.txt,http://www.templenet.com/Maharashtra/grish.html,,
Gaya - The Footprint of Vishnu.txt,http://www.templenet.com/Ganga/gaya01.html,,
Yadagirigutta.txt,http://www.templenet.com/Andhra/yadagirigutta.html,,
Temples of Vijayawada.txt,http://www.templenet.com/Andhra/malleswara.html,,
Kiraataarjuneeyam - Arjuna's encounter with Shiva.txt,http://www.templenet.com/beliefs/kiraata.htm,,
Hanumakonda - Thousand pillared temple.txt,http://www.templenet.com/Andhra/hanumakonda.html,,
Palampet - Ramappa temple.txt,http://www.templenet.com/Andhra/palampet.html,,
Bhadrachalam - Abode of Rama.txt,http://www.templenet.com/Andhra/bhadra.html,,
Vemulavada Rajarajeswara temple.txt,http://www.templenet.com/Andhra/vemulavada.html,,
Birla Mandir - in the heart of Hyderabad.txt,http://www.templenet.com/Andhra/birla02.html,,
Dakshina Kailasam Thrissivaperoor Sree Vadakkunnatha Temple.txt ,http://www.vaikhari.org/vadakkunnatha.html,,
Ramapuram Sree Rama Temple.txt, http://www.vaikhari.org/ramapuram.html,,
Amanakara Sree Bharatha Temple.txt, http://www.vaikhari.org/amanakara.html,,
Methiri Sathrughna Temple.txt, http://www.vaikhari.org/methiri.html,,
Triprayar Sree Rama Swami Temple.txt, http://www.vaikhari.org/triprayar.html,,
Irinjalakkuda Koodalmanikya Swami Temple.txt, http://www.vaikhari.org/irinjalakkuda.html,,
Thirumoozhikkulam Lakshmana Perumal Temple.txt, http://www.vaikhari.org/thirumoozhikkalam.html,,
Payammal Shathrughna Swami Temple.txt, http://www.vaikhari.org/payammal.html,,
Thiruvananthapuram Sree Padmanabhaswamy Temple.txt, http://www.vaikhari.org/thiruvananthapuram.html,,
Thirumarayoor Sree Rama Temple.txt, http://www.vaikhari.org/thirumarayoor.html,,
Bharathappilly Sree Bharatha Temple.txt, http://www.vaikhari.org/bharathappilly.html,,
Mulakkulam Sree Lakshmana Temple.txt, http://www.vaikhari.org/mulakkulam.html,,
Thiruvaranmula Sree Parthasarathy Temple.txt,http://www.vaikhari.org/thiruvaranmula.html,,
Kanyakumari Kumari Amman Devi Temple.txt,http://www.vaikhari.org/kanyakumari.html,,
Kollur Mookambika Temple.txt,http://www.vaikhari.org/mookambika.html,,
Thirupatisaram Kuralappa Perumal Temple.txt,http://www.vaikhari.org/thirupatisaram.html,,
Thiruvalla Sree Vallabha Temple.txt,http://www.vaikhari.org/thiruvalla.html,,
Thiruvattar Sree Adikesava Perumal Temple.txt,http://www.vaikhari.org/thiruvattar.html,,
Thrikkakara Vamana Moorthy Temple.txt,http://www.vaikhari.org/thrikkakara.html,,
Thirumittakkod Anchumoorthy Mangalam Temple.txt,http://www.vaikhari.org/thirumittakkod.html,,
Thirunavaya Nava Mukunda Temple.txt,http://www.vaikhari.org/thirunavaya.html,,
Amme Devi Mahamaye.txt,http://www.vaikhari.org/kumaranalloor.html,,
Palarivattom Sri Raja Rajeswari temple.txt,http://www.rajarajeswaritemple.org/,,
Chottanikkara Bhagavathy Temple.txt, http://www.chottanikkarabhagavathy.org/,,
Chempazhanthy Aniyoor Durga Temple.txt, http://www.vaikhari.org/aniyur.html,,
Kurinjikkavu Vanadurga Temple.txt, http://www.vaikhari.org/kurinjikkavu.html,,
Lord Sthanumalya Perumal.txt,http://www.vaikhari.org/suchindram.html,,
Annamanada Mahadeva Temple.txt,http://www.vaikhari.org/annamanada.html,,
Gokarnam Mahabaleshwar Temple.txt,http://www.vaikhari.org/gokarnam.html,,
Lord Ernakulathappan.txt,http://www.vaikhari.org/ernakulam.html,,
Parippu Mahadeva Temple,,,
Sasthamangalam Mahadeva Temple Thiruvananthapuram.txt,http://www.vaikhari.org/sasthamangalam.html,,
Rameswaram Mahadeva Temple Kollam.txt,http://www.vaikhari.org/rameswaram1.html,,
Amaravila Rameswaram Mahadeva Temple near Neyyattinkara.txt,http://www.vaikhari.org/rameswaram2.html,,
Aluva Mahadeva Temple and Aluva Shivarathry.txt,http://www.vaikhari.org/aluva.html,,
Kodumon Angadikkal Vadakku Perumala Tali Maha Shiva Temple.txt,http://www.vaikhari.org/perummala.html,,
The Pynannarkavu Yakshi.txt,http://www.vaikhari.org/parumala.html,,
Truchattukulam Mahadeva Temple.txt,http://www.vaikhari.org/truchattukulam.html,,
Sreekanteswaram Mahadeva Temple Vanchiyoor Thiruvanathapuram.txt,http://www.vaikhari.org/sreekanteswaram.html,,
Offerings .txt,http://www.vaikhari.org/kottiyoor.html,,
Manikandeswaram Mahadeva Temple (Kottarakkara Maha Ganapathy Temple).txt,http://www.vaikhari.org/kottarakkara.html,,
Architecture.txt,http://www.vaikhari.org/kandiyoor.html,,
Palayoor Mahadeva Temple.txt,http://www.vaikhari.org/palayoor.html,,
Lord Rajarajeswara.txt,http://www.vaikhari.org/taliparamba.html,,
Legand of the Temple.txt,http://www.vaikhari.org/markandeyasasthatemple.html,,
Mulaykkode Sree Dharma Sastha Temple.txt,http://www.vaikhari.org/mulaykkodesastha.html,,
Ohm Namo Bhagavathe Subrahmanyaya.txt,http://www.vaikhari.org/kidangoor.html,,
Kidangoor Subrahmanya Temple Kottayam,,,
Kadappattoor Mahadeva Temple Palai.txt,http://www.vaikhari.org/kadappattoor.html,,
Lalam Mahadeva Temple,,,
Nagercoil Nagaraja Temple,,,
Tiruchendur Senthilaandavar Temple .txt,http://www.templenet.com/Tamilnadu/m005.html,,
Akshardham Temple Delhi - Timings,,,
Lotus Temple in New Delhi ‚Äì Timings,,,
Hanuman Temple in Delhi.txt,https://www.mapsofindia.com/delhi/places-of-interest/religious-places/hanuman-temple.html,,
Chhatarpur Temple in Delhi ‚Äì Timings,,,
ISKCON Temple,,,
Kalka Ji Temple in Delhi - Timings,,,
Birla Temple Delhi.txt,https://www.mapsofindia.com/delhi/places-of-interest/religious-places/birla-temple.html,,
Birla Temple Delhi.txt;https://www.mapsofindia.com/delhi/places-of-interest/religious-places/birla-temple.html,,,
 #Odisha #Temple - eOdisha.org - latest Odisha News - Business - Culture -Art - Travel.txt;http://eodisha.org/lord-akhandaleswar-temple/,,,